time_sampling,stoc_pol_mean,stoc_pol_std,stoc_pol_max,stoc_pol_min,alpha,delta,time_vpg,time_npg,kl_dist,surr_improvement,running_score,success_rate,time_VF,VF_error_before,VF_error_after,eval_score
112.44668197631836,-4.364218592519053,2.2157320761478942,14.470453506909882,-7.54702771282462,196.21037654189445,0.1,0.4337890148162842,11.879061937332153,0.055902794,0.07400354,-4.364218592519053,0.0,27.29408597946167,0.9929861451755783,0.3323995512107771,-3.6672433060939476
96.28877520561218,-1.1654907663700556,47.57345052624859,669.7923782074008,-7.309675753432939,186.91005736370033,0.1,0.6802079677581787,11.969835996627808,0.05258917,0.09097958,-4.0443458099041525,0.5,35.69906759262085,1.002516389174684,0.9713849825158558,-3.6698667340473237
102.958083152771,-4.129173247599716,2.9514024932595326,26.5970630084596,-7.127349814057245,223.75042597747333,0.1,0.6454360485076904,8.396878719329834,0.053936444,0.041607384,-4.052828553673709,0.0,80.43813967704773,3.992096311068817,0.5360704134671003,-3.666365075667418
100.9856071472168,-2.120285825444663,19.04408807778927,242.76914254480351,-8.074741091747455,196.53156140059917,0.1,0.61051344871521,13.087121486663818,0.05395722,0.06154433,-3.8595742808508047,0.0,83.62836194038391,0.9919507364469058,0.943276221883077,-3.6184256376927437
102.53528141975403,-0.3641792569795797,47.56595463589783,662.7763354671216,-7.270143015563831,161.74583602441567,0.1,0.7920324802398682,11.907520055770874,0.05089362,0.07937644,-3.510034778463682,0.5,85.32182550430298,0.9820677948708985,0.8936432702194097,-3.4600102070324685
97.05483603477478,-3.8124715223278316,5.108262347495596,45.808242430041325,-12.189682513257353,199.99936588293664,0.1,0.6928880214691162,11.28329610824585,0.0500078,0.03918008,-3.540278452850097,0.0,88.37119245529175,3.7001370263614874,0.7126479082399806,1.0675745811727786
87.48429036140442,-4.344394859067413,3.487230563919364,32.425344196225545,-11.226320687276306,198.3071965076367,0.1,0.8361997604370117,12.958750009536743,0.051786542,0.06955997,-3.6206900934718287,0.0,85.43753361701965,0.6861003738286342,0.5516981544259211,1.8528472058524699
102.42542934417725,-0.01845922611590254,29.39459811844525,287.9511678597959,-11.489899055958912,208.27086166078777,0.1,0.7046875953674316,11.392602920532227,0.045010533,0.06461345,-3.260467006736236,0.0,87.02172017097473,0.9693364265111569,0.7964069986381881,2.1073527195273143
103.57177543640137,1.2891164765090801,64.86802527794492,904.804579710227,-8.23110887083458,216.1254491493274,0.1,0.45013976097106934,7.240405321121216,0.052205574,0.04417597,-2.8055086584117044,0.5,83.4278666973114,0.9231277598095173,0.8459527655804941,2.278380971083172
103.94304919242859,0.5463440568418022,41.498230998040974,560.1967100029251,-13.911747492840842,209.4032017852937,0.1,0.6865684986114502,11.83979344367981,0.051853545,0.050981563,-2.470323386886354,0.5,65.98443245887756,1.105089175630511,0.9581770314231767,3.319318554212284
103.1210367679596,0.36096003818566547,36.74623168011979,467.62875860738467,-10.670134432489181,213.6314772494685,0.1,0.5972166061401367,12.26943826675415,0.047806706,0.05139917,-2.1871950443791524,0.0,71.03107118606567,0.7853969530096141,0.653566275884733,4.3104569713018
117.38584017753601,-2.360809834558198,12.305802092722287,102.55879166970239,-14.504684317435707,208.0261652156132,0.1,0.692044734954834,11.972102403640747,0.051589824,0.045748554,-2.204556523397057,0.0,77.5335955619812,1.3201521766470146,0.751985998796528,2.685469613575616
100.78658103942871,1.3086977768926034,38.39407163127111,418.39954816192954,-14.995051910638182,202.4959007222161,0.1,0.6308982372283936,10.4107825756073,0.052650377,0.07393462,-1.853231093368091,0.0,78.16070652008057,0.8634398926834348,0.7816494931859732,4.744079122828
95.94708037376404,-1.4573799502529732,20.98022641928096,214.76618424181842,-14.584048029083469,214.3765826676674,0.1,0.9090054035186768,11.436306953430176,0.049959227,0.04749787,-1.8136459790565793,0.0,81.46785378456116,0.8119712368203823,0.6851588051091417,-0.9353866307141797
102.91643476486206,3.7388712572061427,61.34122692739815,777.1903598462785,-16.56762070005894,218.04376213157835,0.1,0.6328740119934082,12.572640419006348,0.047627605,0.066692084,-1.2583942554303071,0.5,80.80227518081665,0.9134888227195043,0.8285169849280055,-2.1474541236929423
105.64795875549316,0.8527433462134008,39.13117285349402,479.49536505126315,-13.954116081141727,185.6509980236043,0.1,0.415233850479126,7.492798328399658,0.049283482,0.0733341,-1.0472804952659365,0.0,74.57232213020325,0.6397346221305394,0.5370630380237791,-0.1378598166959497
103.92257952690125,-1.1552207108618928,22.298364463484546,215.02080155806112,-11.084315483461545,179.6287960098861,0.1,0.4421863555908203,8.42883563041687,0.051757507,0.067957334,-1.058074516825532,0.0,71.28892946243286,1.32178406964551,0.8632800306612007,-1.9049491310311852
101.96595072746277,-3.217230221506404,11.778062087243011,143.88167220582548,-15.698700692748721,215.5094373362428,0.1,0.7371704578399658,12.031708002090454,0.050775,0.05660582,-1.2739900872936194,0.0,71.6238465309143,0.9061233219383165,0.7160138473506383,-1.1143674896235913
115.88685870170593,-0.5764553713624208,20.10682158785287,188.87756696293735,-14.844019565781423,193.92225855552832,0.1,0.6441171169281006,11.83992600440979,0.052740004,0.11290443,-1.2042366157004996,0.0,75.45340752601624,0.9236355029397624,0.8559819368657174,-0.4649537971027556
105.18281674385071,2.2550118352006687,33.903492304609344,307.07733149509795,-15.479684881909018,176.7048843331766,0.1,0.6039149761199951,7.97220778465271,0.055124402,0.11562538,-0.8583117706103827,0.0,72.5309317111969,0.8545785628918052,0.7753804247228647,-0.5097305497480763
92.84834599494934,1.532328100702735,33.91188066712558,310.4191370473253,-15.713726422666909,196.72161745145212,0.1,0.6859185695648193,14.61055612564087,0.049338557,0.059124853,-0.6192477834790708,0.0,70.5462543964386,0.706780161044009,0.5154108510988635,-0.4975778459958491
107.23496079444885,5.563303202709017,51.81829636080994,487.05474303084856,-13.755116929268784,226.83228456657727,0.1,0.7604210376739502,12.091639280319214,0.047804773,0.047327816,-0.0009926848602620497,0.0,70.35745334625244,0.8260141927546413,0.7605718425100012,4.919052714301659
105.00053572654724,6.804533916698711,51.89640954623887,597.222967901925,-14.210925590674634,210.52078335919094,0.1,0.7115364074707031,8.130905389785767,0.051267885,0.052098833,0.6795599752956354,0.5,58.14356994628906,0.8900967273848567,0.822462239750461,2.81361563124333
106.46006917953491,4.708417289655895,53.271445903926384,633.9658901410802,-16.68556271298399,175.81063012450082,0.1,0.6476714611053467,11.601524114608765,0.055237975,0.07228741,1.0824457067316615,0.5,67.1497528553009,0.8205697611152142,0.7394354214746361,1.8371716606351267
104.3080575466156,21.733478540721062,156.75797893453773,1981.51578701127,-16.068176144430723,233.7344441049105,0.1,0.8359601497650146,8.742947816848755,0.051888965,0.05788157,3.147548990130602,1.0,64.60173201560974,0.8886181066891026,0.7347159805560753,7.148750936285206
105.16390895843506,4.477224701184098,42.79786511169648,432.368007689772,-14.35255871218418,203.47515486271803,0.1,0.6611640453338623,10.891682863235474,0.04928355,0.047422025,3.2805165612359515,0.0,69.84432029724121,1.4557002958316858,0.6377704495305418,9.166510443305475
103.84730195999146,4.597285688642601,51.60747387515559,547.3086195372423,-15.61825098686133,197.52859632057252,0.1,0.6787564754486084,7.87632155418396,0.050218157,0.061014954,3.412193473976617,0.5,74.28531646728516,0.999420527138249,0.9057005668634824,15.437889466304265
99.69946908950806,4.912567352746445,44.347498187492526,349.663764709322,-16.05640631095094,212.65522649921448,0.1,0.40622520446777344,7.2100255489349365,0.049456496,0.05842313,3.5622308618536,0.0,81.59036302566528,0.9338847998313342,0.8001718779045357,19.82589542318217
104.38655662536621,8.926351787351011,87.77650384101446,1147.6880286766295,-14.844686545948102,185.81340272140105,0.1,0.7389106750488281,12.265880584716797,0.050960295,0.069474086,4.098642954403341,0.5,77.88080644607544,0.8779708954921204,0.751448562198242,24.812092883702178
105.68418097496033,12.48049803830625,104.41558151592292,1376.381987690422,-14.471025963002381,183.4398739711945,0.1,0.44611597061157227,7.314023733139038,0.048446584,0.27352157,4.936828462793632,0.5,71.06949949264526,0.8449390409828915,0.7379763749141923,18.851046083543956
111.31364226341248,2.3259824388072046,23.238585384315577,128.89492328943322,-17.393219258519533,167.37530027566066,0.1,0.7168033123016357,11.69943642616272,0.05067489,0.04846677,4.67574386039499,0.0,69.3988950252533,2.172875702743381,0.7243287753458727,46.25003040876536
105.10327887535095,6.449290219506221,41.703744620259236,403.3770530731246,-18.224785496580097,155.84065181502285,0.1,0.6584179401397705,11.46385407447815,0.05176435,0.14195976,4.853098496306113,0.0,72.67789316177368,0.8533533841415248,0.7633869096897189,41.74860508792965
103.93970584869385,3.2601494160353446,42.48276515759097,447.43016934452504,-15.726496099585814,213.95341370182376,0.1,0.563462495803833,11.89383339881897,0.050205138,0.052611645,4.693803588279036,0.0,65.8374547958374,0.987082653441619,0.8217290370871843,18.65858589557659
103.24171829223633,0.4252864873821436,16.79926018457939,107.73929900997311,-15.665018882802427,184.98096765886058,0.1,0.5997123718261719,9.573781251907349,0.050018657,0.058991965,4.266951878189347,0.0,62.06185793876648,1.0394457129421608,0.6698970877742715,38.41110338977421
103.58750653266907,5.461261753467979,46.20440941492971,452.55885762456006,-16.3741604829561,145.2368485769151,0.1,0.39118194580078125,7.633856296539307,0.051378865,0.22177942,4.38638286571721,0.0,60.9452908039093,0.8817904462623385,0.7297947229603627,8.394836487138557
102.7760078907013,9.90725857444374,54.312980332964266,389.8061513993981,-17.72910218504984,157.84941905537536,0.1,0.6536142826080322,11.697672605514526,0.050951798,0.08540613,4.9384704365898635,0.0,67.22134160995483,0.824945351237157,0.7448003939734263,55.39880957727393
106.12395286560059,5.647019367210255,54.764645532680476,614.8828285098456,-17.352687799262622,179.73056822873943,0.1,0.4231753349304199,11.781489372253418,0.051786274,0.08900563,5.009325329651903,0.5,66.07147097587585,0.8487273540887535,0.6471561045705815,35.927133978348024
109.97927975654602,7.333994838381334,48.731323296281026,484.9218320508912,-16.290542989427305,180.18122935527205,0.1,0.6999258995056152,11.518110990524292,0.05047066,0.11866789,5.241792280524846,0.0,64.1998815536499,0.7797270503812291,0.6844902110539928,45.32978776146107
105.78826665878296,3.1636778756009982,23.32618241110279,211.19651263838907,-15.964574939549768,181.05567953242246,0.1,0.3872201442718506,10.185947179794312,0.04940223,0.055293538,5.033980840032461,0.0,64.84936380386353,0.8218927256443416,0.6413943594196646,19.1914760850125
100.33757948875427,7.933058726403556,42.33346352948382,414.3141989904156,-19.596938434491637,175.37355564292963,0.1,0.4588644504547119,7.974120855331421,0.050857466,0.08179646,5.323888628669571,0.0,68.74868154525757,0.7732252605284562,0.5792443680330657,34.686259095040526
104.05966305732727,14.473603350704275,68.55376773590764,538.3752960992231,-17.330141407039633,181.94529368279422,0.1,0.534081220626831,8.435554504394531,0.050409004,0.086591795,6.238860100873042,1.0,71.17672777175903,0.808686788440175,0.7258156359633251,28.274591666314095
106.70717191696167,12.069711918313518,71.45463835925065,855.8382922385143,-17.05256404869928,206.05420122573645,0.1,0.7773656845092773,13.393373727798462,0.050108124,0.0508599,6.82194528261709,0.5,68.97448539733887,0.7739308024259526,0.6420441086387491,106.65501268028964
117.73025965690613,6.1622023106307715,33.41689826594221,181.02496324726854,-15.497656654081048,194.8723665847701,0.1,0.775484561920166,8.495585203170776,0.05051183,0.05053628,6.755970985418458,0.0,70.92708563804626,1.041807695103217,0.5913101614555737,53.20058809885327
101.23278641700745,0.06401975642338499,19.016436675133892,203.2485084715908,-16.17521953910923,189.75421856624095,0.1,0.6129372119903564,12.631481647491455,0.049216222,0.054134563,6.086775862518952,0.0,68.19791865348816,0.9224220831845671,0.6938473966899297,50.58156562651215
90.54720711708069,13.341202605588037,51.38783291694944,387.1128996194485,-14.202008606638962,204.9346639538187,0.1,0.6526527404785156,16.486717224121094,0.04896337,0.06143133,6.81221853682586,0.0,74.61217975616455,0.8204346180564336,0.6803555236217942,79.09199228989524
102.30280065536499,9.650713910006312,42.99146398125544,417.5315094527155,-16.131059822643888,186.44551066893203,0.1,0.7254223823547363,12.024052858352661,0.049452443,0.07072068,7.096068074143905,0.0,69.24749970436096,0.7819359768075628,0.6324857343799133,59.83224791179173
105.26295208930969,7.050202608904024,44.59596207741929,415.8860227866801,-17.805057206963887,208.23320959099294,0.1,0.8574879169464111,12.130448579788208,0.05033086,0.053507812,7.0914815276199175,0.0,56.00234413146973,0.8592512019752051,0.6884364191939727,52.431993364582745
106.2022933959961,8.228178533328974,37.28679778963824,282.5350158796525,-17.504116747597735,201.85920561807526,0.1,0.615062952041626,13.221077680587769,0.04884176,0.0528204,7.205151228190823,0.0,72.7655382156372,0.8055681422828286,0.6686141187845381,68.44876106632648
108.33774185180664,17.35958944814129,98.94541042464984,1320.6369278609934,-16.654529652814198,209.25005193006942,0.1,0.3966541290283203,7.801260709762573,0.05229686,0.05720636,8.220595050185871,0.5,74.63092064857483,0.8515174271742427,0.633960156121522,105.15926219087363
116.33738231658936,20.58426664896974,111.68601632612766,1426.744714495692,-18.17285502826883,202.59000472303808,0.1,0.6876461505889893,8.587660551071167,0.0484834,0.04861892,9.456962210064258,1.0,66.44304537773132,0.6873571661067078,0.5625613698247669,66.82181432901722
109.02736902236938,22.207954621834656,96.76316381270895,1083.2018674957387,-15.206048376249795,177.68454031528148,0.1,0.634814977645874,12.342294692993164,0.047849253,0.06410827,10.732061451241298,1.0,62.33358359336853,0.7719094483967328,0.5362754706421465,131.94855503767883
99.14641237258911,23.57043005243968,109.69953848959713,996.9323724575615,-17.0137476034112,191.70063252788668,0.1,0.6524755954742432,14.55057954788208,0.050910212,0.051225472,12.015898311361136,1.0,57.63652324676514,0.792010015783218,0.4794779414166365,133.40959005084622
109.3125810623169,34.58324967288689,162.29119889596,1595.1824677764394,-20.49562392641507,185.87686756621594,0.1,0.38607335090637207,10.082355976104736,0.05096693,0.05757861,14.272633447513712,1.5,61.53064942359924,0.6800907294110371,0.5355536240747687,73.81326568523389
105.01306176185608,30.447687784807457,120.88695994358253,1230.4459902400315,-16.059102676557263,195.3730999082491,0.1,0.6844949722290039,11.846172571182251,0.04987507,0.05198745,15.890138881243088,1.5,48.3030481338501,0.6777653514332962,0.5662222283338687,140.3636638905574
112.62248063087463,43.09748296247769,159.89196545590403,1493.2905841923546,-19.956184474710206,218.03460551881855,0.1,0.6626684665679932,11.698710441589355,0.05029816,0.04887894,18.61087328936655,2.5,62.617295026779175,0.6857215438324972,0.565265631956616,95.87508726628603
110.99718976020813,30.215711284917678,102.7768652072275,970.0384110693221,-18.296619573919926,193.15033200935466,0.1,0.6739246845245361,11.603384494781494,0.05018846,0.05300361,19.77135708892166,1.5,59.730701208114624,0.7556442076908391,0.5274993944169812,48.71955604753788
118.92379927635193,32.49689387647987,147.41808674776692,1491.5573181141172,-17.774233792001958,188.1377184929817,0.1,0.5713446140289307,7.175712585449219,0.049519032,0.06309907,21.04391076767748,2.0,59.6074800491333,0.6705106543518404,0.4801212498553499,38.72678440479319
111.88445687294006,47.97651310593951,188.1314065868005,1758.8337378577824,-17.659149706529313,210.69410442276782,0.1,0.5582139492034912,11.948855876922607,0.050113726,0.0501232,23.737171001503686,3.5,55.59393310546875,0.6060742575640591,0.48538260855398907,92.84632508085069
92.45123958587646,56.93214485375396,262.501153762171,2875.1910304890575,-17.86191807397884,204.0682472496057,0.1,0.8620104789733887,13.11586880683899,0.051632885,0.05214724,27.056668386728713,2.5,63.90529489517212,0.6782783521086821,0.4714190068250507,46.15928878044489
111.10675764083862,61.308187843148545,185.8136850800225,1832.7118614409844,-19.685423830049295,193.984460711525,0.1,0.6778602600097656,11.91763162612915,0.048854996,0.0506362,30.481820332370695,2.5,61.36664271354675,0.6275527237200051,0.4556068958542198,45.112953793080045
109.58240151405334,29.5312143967593,103.61619222114811,907.741712679439,-19.13050524454093,185.68208241426464,0.1,0.6870520114898682,11.993607521057129,0.050499428,0.053750973,30.386759738809555,1.5,53.945709466934204,0.9411597603384477,0.5844430550823821,122.74726689723893
113.172034740448,52.13689650603488,166.23375083050792,1489.2912107769348,-18.43902552483295,192.3169730979615,0.1,0.422743558883667,8.210517406463623,0.04990991,0.060077474,32.56177341553209,3.0,58.66904163360596,0.6901872578992237,0.41925860638301965,61.31388989451733
113.95553755760193,68.9945626469123,205.71419625299367,1212.2904143782948,-16.012711376780853,199.3562459571654,0.1,0.6594836711883545,12.059217691421509,0.049842928,0.052574586,36.20505233867011,5.5,56.28114295005798,0.5849190334081713,0.4059249958759894,54.502942499352365
107.30302119255066,39.680047517026985,106.07784640871566,685.9190753998007,-17.01331614400977,184.5538075297027,0.1,0.8229820728302002,12.938030242919922,0.049453285,0.05260252,36.5525518565058,1.5,54.59145259857178,0.8300245778609776,0.46964986412002674,70.69482639554148
117.39262819290161,96.36250143175843,255.70025884093354,2303.5311959650603,-18.20577742061314,218.88800204151013,0.1,0.7161221504211426,9.624624490737915,0.04866699,0.047558293,42.53354681403106,7.0,57.38642477989197,0.7006441008260481,0.5161330648936171,144.4334783240807
110.37411308288574,79.05498595373719,207.06529648667558,1287.3458221605274,-15.856680491051454,199.70162968520447,0.1,0.42385244369506836,7.879540205001831,0.050026696,0.05167533,46.18569072800168,5.0,58.70426154136658,0.6800110754177534,0.5142379262292951,349.34553619620357
119.11153316497803,112.80426122979756,274.98621994955425,2217.468866825962,-17.195364656419102,192.78751998858138,0.1,0.7969207763671875,12.130911111831665,0.04960427,0.054486714,52.847547778181266,5.5,62.10255718231201,0.5997979431999423,0.4983922483975766,241.2227619916213
114.7937741279602,77.04878219681659,188.9964922753832,1335.2238715714004,-17.294797820761342,194.32021688465022,0.1,0.4438283443450928,8.357010126113892,0.04943827,0.05020523,55.267671220044804,4.5,60.129860162734985,0.6210342291221616,0.44667979171694555,388.242865683412
125.36101865768433,82.32318379144786,173.02171735303693,1007.3433118895998,-18.755047997067855,199.47497045720706,0.1,0.6924288272857666,11.652973890304565,0.04985081,0.050038666,57.97322247718511,4.0,60.61002564430237,0.7389207473066396,0.42808373449367726,443.6751372926381
116.32057571411133,87.43448792159899,194.70754666122858,1080.1703017090576,-18.35316055683117,196.5831023302139,0.1,0.6779482364654541,12.045358180999756,0.05106578,0.052989732,60.9193490216265,6.0,58.91878914833069,0.6252643871404772,0.46683175255631554,678.9079547504707
115.15740370750427,122.32150888790369,271.63920934311165,1807.0234362852386,-19.870872709647923,198.66503523805062,0.1,0.7457692623138428,11.864201784133911,0.050920967,0.052136112,67.05956500825422,6.5,58.08219814300537,0.5874462569139374,0.4775710268576411,361.1668330609211
124.11034297943115,200.49281309524645,368.96987167482246,1951.6140719267391,-18.09202879374393,197.7754967051233,0.1,0.7883625030517578,11.986527919769287,0.050110355,0.05511088,80.40288981695345,13.5,61.58505058288574,0.5014466998891117,0.4280584129185693,450.78815638241804
112.45631003379822,192.12579359859063,364.2748122235837,2068.911733374168,-13.396873925763762,197.5170052984357,0.1,0.7925732135772705,14.674032211303711,0.049801,0.050891463,91.57518019511717,15.0,64.38746976852417,0.5243232140908624,0.4371843230687684,403.5092204558155
124.56707286834717,152.0079319309682,271.6981501446164,1658.4557690957388,-15.081190569555558,199.90302092926885,0.1,0.6333816051483154,9.15639042854309,0.050861806,0.05157875,97.61845536870229,10.0,60.656038761138916,0.6703439983593709,0.4586091453839044,514.1820608970144
111.40936946868896,206.68960913242594,412.5748593397381,2861.849973539684,-17.23437786122479,212.9080863859148,0.1,0.633458137512207,14.441907167434692,0.04865357,0.05106329,108.52557074507466,15.0,79.52108931541443,0.49454361706586686,0.3932769604380672,548.9524197061038
124.63860416412354,219.98670514449958,394.6694998470954,1974.957284557374,-15.522937013963048,201.56289178661643,0.1,0.627622127532959,11.866854190826416,0.04977548,0.050647974,119.67168418501716,16.0,68.20907998085022,0.49027373416027775,0.39227774119835856,550.707518263339
118.5233850479126,216.37550515159492,419.25417378089105,2306.3753042081426,-17.06429189338129,200.01812212345905,0.1,0.39995646476745605,7.449250221252441,0.05086555,0.04793022,129.34206628167493,14.0,65.91121745109558,0.5277394317994867,0.4023837394697129,457.1917967859711
135.92336082458496,276.2988181126495,423.9582950445856,2242.836641265585,-15.42794654725913,210.1108224368599,0.1,0.6709036827087402,8.083725452423096,0.049821503,0.047936406,144.0377414647724,21.0,62.98888659477234,0.506787617061059,0.3881712256972864,664.4533425019165
127.01144886016846,290.9139004722814,427.94624520170623,2115.547231422268,-17.388914963242343,193.36211857505796,0.1,0.3080422878265381,7.626549959182739,0.05076767,0.052756954,158.7253573655233,22.5,54.46937561035156,0.4546283947050722,0.375196866924065,758.759923811193
127.45152568817139,347.4165342809484,533.1535600863436,2579.488965060467,-14.536190397566553,205.78358358368044,0.1,0.8941314220428467,11.616302967071533,0.049831394,0.048027437,177.59447505706584,23.0,56.07807111740112,0.4092744795932525,0.33704200066239687,763.1088576682822
124.2276120185852,304.39710202881093,458.7196061736951,2756.2109010232093,-20.09852635957411,198.1107532074941,0.1,0.693831205368042,12.15327787399292,0.049838856,0.051815536,190.27473775424033,22.0,51.47057509422302,0.45471207617356946,0.36503477214345265,864.4897918193174
125.58610153198242,263.80523849407723,437.6196641375939,2152.3558390106723,-14.066298029683049,197.66961284428012,0.1,0.4102041721343994,11.338130950927734,0.050535988,0.050483286,197.62778782822403,19.5,57.00528907775879,0.45075719700067385,0.3835054204495418,780.6761138163669
124.64711904525757,357.5537882556417,507.0026940644245,2417.3349244399587,-15.889395905089668,206.31858029471155,0.1,0.4218125343322754,10.574540615081787,0.050276138,0.05025584,213.6203878709658,27.0,55.73473763465881,0.4371635161837686,0.34008258194925217,763.0146019103566
136.51927876472473,417.52800930282865,539.6677270100756,2396.789529936855,-15.60115377229197,199.3678845445402,0.1,0.7192678451538086,12.176121473312378,0.05021196,0.049897287,234.0111500141521,33.5,58.84834170341492,0.41177446109330573,0.3229131503471322,923.9525697476705
130.68013334274292,510.4975415610307,637.1622215574225,2721.816012063335,-10.564744435299296,208.66377350773973,0.1,0.6654765605926514,11.390457391738892,0.050224308,0.04843438,261.65978916883995,37.5,55.39745306968689,0.3328434247701412,0.2677439350064194,1133.1621323599873
123.86233472824097,435.0672320654882,580.503515957051,3022.7778280742955,-14.27169717809598,199.6330696098115,0.1,0.6045558452606201,12.630558967590332,0.049509276,0.049384106,279.0005334585048,32.0,59.41538715362549,0.3720909476567365,0.31712090369485957,1117.9775215654695
130.9258542060852,688.6226685412425,777.969556443577,3068.7137423179756,-10.379700597668347,207.74545109658771,0.1,0.7251474857330322,10.906918287277222,0.050100926,0.048962947,319.9627469667786,49.0,61.11260175704956,0.34396014817418236,0.27078723383543896,1308.549524386049
126.01664400100708,666.2244294120237,720.3931696335882,2901.483330840917,-14.762918065640743,194.13535791762703,0.1,0.62784743309021,12.061811685562134,0.05072577,0.051347304,354.5889152113031,45.5,65.41224503517151,0.27375093966860065,0.22937935879739127,1380.2152312066828
144.91372513771057,624.8718038846873,700.1826846539806,2550.221906480263,-15.533073460851995,196.91733009100471,0.1,0.6994285583496094,11.661805391311646,0.05043159,0.049845707,381.6172040786416,43.0,61.9891791343689,0.27347425117540924,0.2310967846802799,1331.4552009398906
131.1543755531311,772.3367711771047,822.1818364794643,3637.8596761593903,-21.76178697896723,210.23849363465402,0.1,0.6738805770874023,11.817138195037842,0.05016657,0.047410242,420.6891607884879,50.0,54.314459800720215,0.31012017319435564,0.24137933966395617,1350.2072233280508
133.90225911140442,845.8104275436277,823.7100212788935,3732.51396669987,-13.910292881749243,194.29319481806894,0.1,0.6266374588012695,12.23609447479248,0.049706392,0.050952025,463.20128746400195,56.5,51.50553917884827,0.257911687161445,0.2186868757180465,1589.3632517743456
125.54816746711731,1024.876588380105,909.1218335043792,3509.640514975789,-14.045674490271047,195.37118385956893,0.1,0.6977436542510986,13.839046478271484,0.049455922,0.049522106,519.3688175556123,63.0,53.12749433517456,0.20566770442612878,0.1822186091269202,1931.669353857663
132.51703000068665,954.611156105333,969.3346584924003,3544.3756924242966,-10.53713537737884,184.2317129165859,0.1,0.7114005088806152,11.534195184707642,0.050181292,0.053525344,562.8930514105843,56.0,56.09036684036255,0.24382277707842762,0.2063596353399157,2054.3682934770127
131.5951371192932,1127.888496693724,984.8816064053725,3633.6372625094987,-9.545618120278883,205.94390757170424,0.1,0.3902733325958252,7.318606376647949,0.05007212,0.048560318,619.3925959388984,62.0,54.70885968208313,0.21155315781155468,0.17382035271957855,2138.7744127330975
134.0832290649414,1118.3082075798159,1076.1031817766823,3913.4940513900387,-13.272941489140576,196.09352532883545,0.1,0.6664154529571533,11.781341791152954,0.049754728,0.049912788,669.2841571029901,56.0,56.185301542282104,0.20648084383198398,0.17138955432968372,2086.6962462393394
142.98566937446594,1297.3315358617738,1052.1794044536907,3622.1701822717882,-7.414576675854156,192.74800751692578,0.1,0.7315964698791504,12.491711139678955,0.050362337,0.051860023,732.0888949788686,66.5,38.64276170730591,0.20197635528024188,0.16264195972199436,1907.6149244085364
138.89542484283447,1317.4420627734103,1081.612122909992,4047.0211299666335,-11.607359691660802,195.72477401017917,0.1,0.6597611904144287,11.263365507125854,0.05011816,0.050329134,790.6242117583228,66.5,56.179965019226074,0.18365629842131226,0.15731906443200408,2292.2100274963595
144.1747715473175,1547.201370390224,1174.5056712097619,4225.39508819183,-14.800748847317315,190.41105137738356,0.1,0.37635087966918945,8.910698890686035,0.050387178,0.052417405,866.281927621513,70.0,53.52764940261841,0.14724937921120798,0.11953061768672553,2299.5487837934415
148.85871505737305,1531.0782109343072,1122.7552211530808,3881.067980062909,-17.239884086445063,197.30447124438996,0.1,0.6427257061004639,12.051895141601562,0.049808834,0.04910045,932.7615559527925,73.0,49.544445514678955,0.16232314993861377,0.13728456527862615,2591.3844555978394
137.33617496490479,1518.157732508959,1135.3341016765933,3963.054662927519,-9.081485772946785,196.03723779939727,0.1,0.684070348739624,11.653515338897705,0.050200325,0.050270338,991.3011736084093,70.5,50.98587346076965,0.17341928209741259,0.14901755066992062,2868.481954898422
157.96603989601135,1861.9852251049917,1176.4712821489582,4203.35382411745,-11.326737588743027,207.0167682260606,0.1,0.7153902053833008,11.770779609680176,0.050363783,0.04792509,1078.3695787580675,78.5,49.872539043426514,0.1300125844270466,0.10495960396987614,2843.615333975685
144.969398021698,1824.7898279620536,1231.256791839153,4216.137232356945,-10.809081842156548,188.58428068631568,0.1,0.6724040508270264,9.384721040725708,0.051896453,0.05092008,1153.0116036784661,74.5,55.92149019241333,0.13421481147959696,0.11911015530111874,2694.064604365568
148.69709086418152,1877.875315535642,1198.3595724025984,4528.200261419204,-15.673199520813707,191.37785207435388,0.1,0.4741840362548828,10.937178134918213,0.05000047,0.049600422,1225.4979748641838,77.0,50.06444001197815,0.14184677636953702,0.12353221194564573,2637.83829799767
146.73721146583557,2132.401765237113,1199.4076823242528,4308.958437015522,-6.018028222251413,190.05451687242746,0.1,0.6730413436889648,11.973467826843262,0.050158378,0.050458547,1316.1883539014768,82.0,56.0056517124176,0.10556863385092717,0.09007381272987222,2885.2557401057443
154.14471554756165,2346.207729042758,1108.7214784787557,4190.771256198783,-10.080043115222338,199.90276664150616,0.1,0.4322953224182129,8.586162805557251,0.050677944,0.05014669,1419.1902914156049,88.0,57.23063921928406,0.08677158057906807,0.06991146492504371,2821.2733390095636
151.6989505290985,2167.844747911715,1206.7651806347822,4394.643642072577,-9.06856033120904,189.02503824472038,0.1,0.7162399291992188,12.284178018569946,0.050425597,0.05149965,1494.055737065216,83.5,55.31899070739746,0.10415418844370895,0.0902743682613041,3112.3284810852147
149.65014934539795,2442.2630442012287,1225.8231768332328,4109.89162603868,-9.889546590870431,196.61439199170454,0.1,0.40413522720336914,9.544285774230957,0.05077127,0.049532678,1588.8764677788172,87.5,55.8743953704834,0.09811018699739137,0.08093431955309324,3013.657385387645
157.8730809688568,2462.6704700562805,1243.1236953377163,4333.054426194234,-7.224531817327765,192.28035151016385,0.1,0.7186834812164307,16.03184199333191,0.050378993,0.05198482,1676.2558680065636,84.5,54.59649419784546,0.08854662459280328,0.07612143345702649,3243.830323851483
149.3768196105957,2655.019436444226,1227.8347814554984,4330.54712970103,-8.54658237181859,188.05094228393833,0.1,0.48418259620666504,9.815757036209106,0.050068595,0.051642183,1774.13222485033,88.5,43.39563703536987,0.07178762866106563,0.06324587004033642,3355.0716324944187
97.50525760650635,2769.1225664261524,1187.1978092787758,4651.348244842492,-12.229953584079164,183.6218382200195,0.1,0.368363618850708,6.02388858795166,0.051309876,0.05307241,1873.6312590079124,91.0,29.347553253173828,0.06475367658146654,0.05509040856499396,3402.2481751814516
98.4622049331665,2809.5781120853267,1201.956860174897,4698.098203889778,-5.416418271974917,183.66643663648784,0.1,0.32241010665893555,7.242968797683716,0.051106293,0.05353963,1967.225944315654,90.0,47.960668087005615,0.05829722956162477,0.05053591769227043,3404.301886277888
97.60039496421814,2735.2200673888833,1359.9093893625416,4620.400171367902,-4.026274381839782,191.06023287451833,0.1,0.5150330066680908,7.939057350158691,0.05073226,0.049343105,2044.0253566229771,88.0,46.694079637527466,0.08205064984841134,0.06810530438109745,3131.4390435985365
98.26068878173828,2734.7655556115415,1300.6907401147437,4696.814481800507,-7.57550167820811,184.42410387256314,0.1,0.32451534271240234,7.307581424713135,0.050084468,0.05287699,2113.0993765218336,87.0,36.44511365890503,0.07279920917170146,0.05855096453601096,3323.989322290891
98.45861649513245,2799.316934050283,1298.625658100438,4628.279340625188,-5.675774397801424,189.4346779005245,0.1,0.49694108963012695,6.9317708015441895,0.049699843,0.050342083,2181.7211322746784,88.0,35.764869689941406,0.057319224179370624,0.04741636132625116,3306.243659691542
102.14228081703186,2979.3511801870586,1229.9039981119815,4807.629600316605,-14.135526216104187,174.2537418555745,0.1,0.326216459274292,6.996672630310059,0.05007021,0.05352568,2261.4841370659165,90.0,39.11804556846619,0.05322561186240421,0.044285886112294746,3367.6444908852022
120.62810897827148,2935.5896116677336,1220.7656584744495,4511.016508597379,-10.145145929236204,178.02239324725716,0.1,0.429060697555542,8.190269708633423,0.05031267,0.05470159,2328.8946845260984,90.5,59.571877241134644,0.0553612519787964,0.048866102127145546,3274.6934569163914
143.32016730308533,3112.107971863721,1194.1736286838795,4742.513607639761,-3.008237430541619,185.7101095831965,0.1,0.7317886352539062,9.534832000732422,0.050040487,0.052563403,2407.2160132598606,91.0,63.66773581504822,0.05317552132750299,0.04164260705003919,3486.5847501819553
124.33181500434875,3064.2133338581098,1230.0602035782051,4816.640021078433,-5.976892556339429,190.52707182127588,0.1,0.4239804744720459,8.759167671203613,0.050923184,0.051207677,2472.915745319686,91.0,57.206037759780884,0.05127880325168851,0.04389679657961824,3317.4684740344096
127.57859587669373,3046.9294555899,1300.5563801992066,4748.40154555687,-6.859648002699796,175.46218733760276,0.1,0.48832178115844727,8.64858341217041,0.04933991,0.05114449,2530.3171163467077,88.5,56.784000635147095,0.05697927773648748,0.048270568303742156,3325.7670366135185
126.07574272155762,3098.4161052175714,1314.9182208537882,4700.18035364293,-7.961251148388394,183.2110224335284,0.1,0.650231122970581,10.526849508285522,0.049228255,0.051102962,2587.1270152337943,88.0,61.42595720291138,0.05187008266588596,0.044654322621073224,3385.265155072268
142.21772599220276,3031.8051640654444,1298.3872179957557,4764.607516455092,-7.850928637419625,188.99755572835954,0.1,0.6545708179473877,12.072230815887451,0.05035435,0.0494932,2631.594830116959,89.5,62.263352155685425,0.059125190017276404,0.04918072556690274,3425.5066284680356
116.46444296836853,3133.6302756321147,1283.7444477255124,4665.737128096603,-7.002725071665895,177.54338685640317,0.1,0.5118956565856934,9.472713470458984,0.05012595,0.05120756,2681.798374668475,89.0,48.69390678405762,0.04889937621031081,0.03803821295731565,3482.519182404057
111.67733788490295,3303.855792159063,1179.57013352153,4858.961087059301,-5.981215853157622,178.9404373213391,0.1,0.4425785541534424,8.026339054107666,0.049482476,0.05245203,2744.0041164175336,92.5,45.89352321624756,0.043175723971243245,0.03675617165153518,3902.506055007469
111.77563977241516,3336.9815322542668,1146.209716075437,4660.719674295978,-4.250407202558119,182.34414726655538,0.1,0.3742358684539795,8.348258972167969,0.05019222,0.05478554,2803.301858001207,94.0,46.20450043678284,0.03689532717443793,0.030232124724569213,3924.283323611486
113.78769445419312,3396.065072696822,1102.3358821762893,4756.816949863898,-3.0673520455358094,188.1103184342695,0.1,0.4123668670654297,7.904869079589844,0.05031973,0.04950338,2862.578179470769,94.5,47.93899059295654,0.041446283306597956,0.03484325200116056,4001.26667612103
115.89657020568848,3421.7102295641375,1096.863064953905,4727.109245638928,9.20916649884849,182.96866443025942,0.1,0.4311795234680176,8.062602043151855,0.04993155,0.050358582,2918.491384480106,95.5,46.35928130149841,0.03773641192559942,0.03096594864950624,3974.5897613654924
112.67315530776978,3475.547107110034,1146.0053731689234,4830.3890491251395,-9.11584230688522,174.31991764023093,0.1,0.45499587059020996,8.150370597839355,0.050586786,0.052101348,2974.196956743099,93.0,43.577176332473755,0.03848359344902503,0.032080202566575663,3812.0250565751735
112.64166283607483,3409.5432998648994,1166.3167004834984,4695.827020917055,-15.094020214330513,189.21109807515484,0.1,0.46410107612609863,7.786394119262695,0.050000105,0.05155738,3017.731591055279,93.5,43.31753206253052,0.03890927780113387,0.032342991969795336,3928.025215865668
114.20865392684937,3490.4602616334473,1068.0302864027935,4727.6611814075595,-8.734794346003113,189.4745302874422,0.1,0.46364879608154297,8.544950246810913,0.05054684,0.050181217,3065.004458113096,94.5,43.86057996749878,0.029559990947704586,0.02550737430014351,3909.2833993294494
114.62987089157104,3555.1277497642823,1027.2593305952682,4694.011878076928,-6.007899581246189,196.63770913259515,0.1,0.4605538845062256,7.804274559020996,0.049802985,0.046555817,3114.016787278215,95.0,47.23187780380249,0.029116740170080792,0.02350496493951527,3929.168819283888
116.75663256645203,3505.9240534123583,1128.1664347514677,4820.587884066664,-12.050450298981332,171.1889290651399,0.1,0.4463841915130615,7.80530858039856,0.050291836,0.05604968,3153.2075138916293,93.5,47.5744686126709,0.030773341786675977,0.025261918190086448,3897.7866760522325
114.69620394706726,3482.648307344207,1151.3917217584271,4810.733734130641,-15.332227824706587,183.73525682816975,0.1,0.4450993537902832,8.051772117614746,0.050561078,0.05155576,3186.151593236887,92.5,44.14699864387512,0.03520614903798096,0.029066425844362972,3895.67845865321
115.77924489974976,3662.3941952224427,984.238469206374,4808.332138292995,19.337149174009262,187.51871507027758,0.1,0.41653895378112793,8.098926305770874,0.050088547,0.047057856,3233.7758534354425,95.5,44.37611746788025,0.029631333183904818,0.025068161533851243,3735.1259311327863
115.36711883544922,3559.7186723494433,1064.356758556578,4821.778075324125,-5.212319781335556,188.0211468220749,0.1,0.44699621200561523,7.948569059371948,0.049925745,0.051166758,3266.370135326843,94.5,42.63418412208557,0.0329744575562353,0.02783697812499158,3801.935734467266
114.0572464466095,3597.7082237268787,1126.9547831841676,4799.189947284129,-1.1317996529662795,179.3058519432774,0.1,0.46181654930114746,8.083104610443115,0.04921452,0.0514907,3299.503944166847,94.0,42.95908260345459,0.03415999764996207,0.029601486136417294,3806.5250919518694
115.07348704338074,3496.586970919862,1289.0632087972556,4811.83299056398,-4.480083004125098,181.39612727111898,0.1,0.5197479724884033,8.353787422180176,0.050596975,0.049148615,3319.2122468421485,90.5,45.7824273109436,0.03887321006241257,0.031845900347735226,3840.433951613924
113.95900654792786,3602.577741519055,1023.11753352462,4684.434939357319,-4.58737837566361,187.0037379708999,0.1,0.35454297065734863,7.576810359954834,0.049487002,0.051457208,3347.5487963098394,94.5,46.78298878669739,0.02938945130315501,0.023943784293552813,3855.2309003266805
113.37832427024841,3687.52104740356,1068.6911743773444,4686.816038802599,-5.961645081116368,195.02774201144805,0.1,0.43858957290649414,7.388547897338867,0.050557338,0.050320685,3381.5460214192117,95.0,43.626670122146606,0.02506095426162817,0.020828726661055886,3947.0466099464975
108.88364791870117,3651.2197192487724,948.9506276987348,4775.162226757127,9.951692695371333,183.90142729420708,0.1,0.4583253860473633,7.1370909214019775,0.049583957,0.0503671,3408.5133912021674,97.0,44.205058574676514,0.025822004632433636,0.02106531372087739,3897.6857085311517
110.51511311531067,3642.631354609616,1013.5530618949073,4717.315464330411,-11.05940687829374,170.91607412625478,0.1,0.35613012313842773,7.291440963745117,0.050053578,0.052820504,3431.925187542912,95.0,44.16329836845398,0.02348569252855536,0.017616210049279733,3866.8231582318936
106.5194296836853,3522.1377405805465,1197.6741293459725,4827.590751247644,13.563287203991113,185.752880926196,0.1,0.397197961807251,7.45345401763916,0.050614484,0.051439654,3440.946442846676,92.5,45.43571186065674,0.039605882391670226,0.03187625178519578,4053.9845112515836
111.2228410243988,3803.049054080391,907.1260624631946,4849.8345316053155,-8.716408904365558,184.13871345997057,0.1,0.42738795280456543,7.188622951507568,0.049581103,0.053580213,3477.1567039700476,97.0,45.727959394454956,0.02003701410042557,0.014590449750076668,4057.1384890485147
110.59282398223877,3706.974902196339,1039.68877667146,4817.923977351443,0.6946548640366799,190.57941281877774,0.1,0.4048902988433838,7.355568885803223,0.0501758,0.04796761,3500.138523792677,96.0,45.17510771751404,0.02452480192567402,0.020823750513818955,4133.526018306348
111.30523991584778,3781.736438795675,881.5930811728408,4758.144579985876,-4.843186912983231,193.11934046947246,0.1,0.41356325149536133,7.68898868560791,0.049996477,0.049115814,3528.298315292977,97.0,43.54875206947327,0.02320542788745519,0.017731415827035347,4177.096090080213
111.76168775558472,3836.5051699905853,797.8308613225878,4774.2974123689055,35.38160603548011,180.6283024797944,0.1,0.47040438652038574,7.312798500061035,0.049923014,0.05219298,3559.119000762738,98.0,40.068339109420776,0.016222093664997633,0.012216612756898015,4203.976208124971
112.70313048362732,3873.697082732866,757.7708604033783,4783.4983288881795,-4.091219970427851,190.00504009605277,0.1,0.3810298442840576,7.719080686569214,0.04975769,0.05045786,3590.5768089597505,98.0,38.15394401550293,0.017259837961512006,0.013274241512208787,4006.2052573288784
110.51364159584045,3909.8541574113847,889.0905725304716,5013.195236798693,24.613664388253436,194.9553652713375,0.1,0.4153296947479248,7.088882684707642,0.049350955,0.045943394,3622.5045438049137,97.0,40.06098675727844,0.01924398587477758,0.015143068269346738,4019.562223894747
112.79155659675598,3843.9502363569923,857.124628704511,4789.334180383103,5.873309539329926,181.39348090869038,0.1,0.43855881690979004,7.1395909786224365,0.04964627,0.050286423,3644.6491130601216,97.5,38.736698389053345,0.017986443975072607,0.015437409060745784,3948.813737288545
111.31093311309814,3999.973830330487,721.2433483917681,4754.36064010657,15.215362608057223,190.39650192692605,0.1,0.43968701362609863,7.036856174468994,0.050756373,0.04464214,3680.181584787158,98.0,33.59140872955322,0.01214626176311633,0.009892408109627987,3911.225169000381
113.10524272918701,3987.3418629754347,854.5043250120735,4820.728187832698,22.468824660628893,197.79859598495958,0.1,0.42156195640563965,7.541259050369263,0.049959052,0.04655466,3710.897612605986,97.5,34.27346634864807,0.018206977481730283,0.01597114505556238,4052.198236917872
109.95464563369751,3852.109256798899,912.4488861605009,4827.346040606486,12.513926766840989,190.1949738188392,0.1,0.40337276458740234,7.047841310501099,0.05066252,0.04899308,3725.0187770252774,95.5,36.82298707962036,0.019312879344019967,0.014741505331804294,4229.083625602019
110.83872437477112,3941.8713707109173,948.1024756511868,4840.466813380159,-4.543018310868582,186.25634579157511,0.1,0.40590977668762207,7.276156663894653,0.049448937,0.049758706,3746.7040363938418,97.0,36.6498122215271,0.01858262793867065,0.01609638405735287,4086.8754803326024
114.47594714164734,4123.682783375308,586.6305399459978,4881.17867287326,46.48419304299361,185.44115093457478,0.1,0.41901421546936035,6.9392616748809814,0.05082528,0.05501007,3784.4019110919885,99.0,38.4623064994812,0.0102412074930867,0.006494975308566736,4157.343206010303
114.09175562858582,4062.340579930936,705.159671624414,4828.172453077741,-4.288398800054418,191.23611974514267,0.1,0.4062929153442383,7.583820104598999,0.050074033,0.049176365,3812.1957779758836,98.5,39.90052604675293,0.010908374538322947,0.008404508060015733,4076.7759106321805
112.93403673171997,4096.861902743084,649.5500145714491,4877.2104056828075,23.22794626060474,201.17884437336713,0.1,0.3421750068664551,7.052581787109375,0.050180033,0.04677331,3840.6623904526036,99.5,37.81549334526062,0.012200814157757032,0.009071055086858388,4287.4050469335025
110.59824752807617,3912.7463601366244,1045.2608873563802,4888.368971578004,-10.267118039234397,195.90949631003625,0.1,0.40555381774902344,7.1724724769592285,0.05004853,0.045571223,3847.870787421006,95.5,39.58162045478821,0.022317754936609757,0.017794397113514854,4245.560413090972
113.52211141586304,4004.6373194549897,824.6591848439325,4830.418704371021,7.708682905846691,184.46289562885994,0.1,0.48533153533935547,7.136248588562012,0.049524397,0.052920893,3863.5474406244043,97.5,39.44429039955139,0.014328338226547523,0.011338958308156384,4303.300193470351
110.58381199836731,4023.26438343668,850.4301654903043,4846.552976926225,19.37414388377856,176.35715029227845,0.1,0.3487381935119629,7.691849708557129,0.04983575,0.05190575,3879.519134905632,97.5,36.77255439758301,0.016125973239997225,0.012694978357657417,4317.707802817861
114.5837140083313,3919.6717498550015,1081.3222914630394,4974.794864740752,-8.937817655390463,177.25883785221995,0.1,0.3874695301055908,7.0704309940338135,0.049433798,0.04741331,3883.534396400569,95.5,38.41638422012329,0.0248906288768543,0.018136571314288974,4097.579805807242
112.13202261924744,3945.966958362312,1070.742787692838,4910.8862006491545,-10.79320363877796,178.62353707201737,0.1,0.41458725929260254,7.092391729354858,0.050092842,0.05099792,3889.777652596744,95.0,36.06808876991272,0.019385503149449902,0.015467265293842777,4311.191127870225
113.5241174697876,4117.535751460428,738.0060241175687,4922.416454083629,6.510612626935664,180.00562021272768,0.1,0.3999295234680176,7.256626844406128,0.05119583,0.05178039,3912.553462483112,98.0,37.81796479225159,0.012791514391653325,0.00879881615915778,4348.314996516331
113.87333464622498,3868.8598444030217,1148.9990838411118,4910.732551750707,-7.289756320095804,208.2424487316426,0.1,0.4668283462524414,7.480198383331299,0.050769545,0.04279784,3908.1841006751033,93.5,39.621684312820435,0.024981374995269996,0.01897680336064779,4374.683850914119
112.06408905982971,3981.1512312628106,1102.6604710910876,5068.1481769303,2.1009811176749573,181.43828111514352,0.1,0.4354233741760254,7.2762227058410645,0.04936729,0.048999812,3915.480813733874,94.5,42.740346908569336,0.021777207397001754,0.017686838288104193,4357.877645928783
115.8687093257904,3994.6071661871138,965.0667504457266,5057.904484688221,-2.780172743045462,187.04879341246306,0.1,0.4061746597290039,7.276849746704102,0.05098168,0.051804967,3923.393448979198,97.0,43.6121301651001,0.014873067253290847,0.010912074251837376,4328.179887023339
114.8329861164093,4118.712367701219,768.0777261144294,5054.562641892065,-3.355198183608177,183.50560848339646,0.1,0.37793421745300293,7.205317497253418,0.04996346,0.049899977,3942.9253408514005,99.0,42.69853377342224,0.013112900194384875,0.00843783056996504,4268.084753233531
124.01596069335938,4089.259201876237,814.6279580354327,4967.6802926659675,-2.7869669234882686,196.37410795277424,0.1,0.48850369453430176,7.798578500747681,0.04842222,0.04552128,3957.5587269538846,97.5,50.10980844497681,0.011790867841231971,0.008310097453833503,4328.533275038623
137.50818538665771,4229.154556109841,625.2424296202953,4992.747796812557,23.63307864419318,212.74274429912168,0.1,0.45488929748535156,8.740545749664307,0.050237145,0.046007715,3984.7183098694804,99.5,65.02934956550598,0.009306602566018585,0.006612047691259545,4311.001520721671
122.50774765014648,4259.430820639449,407.0476758951881,5043.1617438533385,2867.85972994409,210.27624001339507,0.1,0.42719292640686035,8.079217195510864,0.049638808,0.04994233,4012.1895609464773,100.0,50.50663995742798,0.0058196369851055176,0.003925335639105462,4357.811654038313
129.85072827339172,4226.542217300447,682.5965828741,4909.511886503811,14.200039754063067,200.11269314687337,0.1,0.4728260040283203,9.055552244186401,0.050395828,0.044980202,4033.6248265818745,98.5,62.01324534416199,0.008391290990487096,0.005939623001724799,4323.516140700021
124.45106363296509,4246.749964038113,582.7323856165887,5015.945785794641,182.35143429302028,209.2939802156128,0.1,0.45820140838623047,7.985240936279297,0.050171852,0.048033696,4054.9373403274985,99.0,45.53001666069031,0.007691296118704387,0.006085377340852803,4288.755234650638
117.6232750415802,4164.90096469311,766.9596916710645,4988.005056091582,101.4332883311151,204.35330166955757,0.1,0.3577103614807129,7.5114052295684814,0.050190967,0.044007555,4065.93370276406,98.5,40.95932674407959,0.012596210317813272,0.009823658468605808,4354.657517061333
117.49053716659546,4180.416379591528,836.8767391602365,5146.9804760128945,-4.515400126395045,194.99340210887274,0.1,0.44772958755493164,7.374745845794678,0.05014106,0.04454436,4077.381970446807,98.0,39.921236991882324,0.014302022200389192,0.010309354605273201,4287.538461259172
118.64802980422974,4247.580743909771,609.4107680275586,5033.533301930767,27.314986809766133,181.79527245882164,0.1,0.4307515621185303,7.850976943969727,0.050427604,0.049199093,4094.4018477931036,99.5,39.95954394340515,0.010599558355993773,0.006639390986306934,4352.920336786781
117.44533848762512,4243.304923986102,665.0087136925117,4987.104556756146,96.58275091027792,210.17037548739845,0.1,0.3967857360839844,7.573837757110596,0.04910593,0.045780066,4109.292155412404,99.5,43.38623857498169,0.010658549991421943,0.007911644700845212,4400.92358620834
115.81022953987122,4137.836619684576,992.2455132633336,4974.39444593887,-0.005927756464909327,213.15048766602175,0.1,0.4727764129638672,7.728265285491943,0.049574245,0.042052466,4112.146601839621,97.0,42.741222620010376,0.017027720779445366,0.013317383782847072,4408.179208812139
121.82999968528748,4105.196063370349,999.7597669582273,5035.482580801758,9.190666137818242,192.1233747232674,0.1,0.4136338233947754,8.300876379013062,0.049991347,0.0487394,4111.451547992694,96.5,43.38306212425232,0.01604288805120944,0.011919480283635266,4083.4676355213087
117.52008247375488,4082.989840738026,997.5349301275263,4963.455154427291,-3.2897580826345334,194.56456029948833,0.1,0.4470028877258301,6.943816423416138,0.050220616,0.046174776,4108.605377267228,95.5,38.449421644210815,0.01668270326831274,0.013050901249264259,3827.4889210818073
116.95673322677612,4225.173244833973,676.5081662160726,5022.603769350735,-5.688211355794957,177.33542744020426,0.1,0.39459729194641113,7.137293577194214,0.049816463,0.0586945,4120.262164023902,98.5,33.885926723480225,0.008915242417236484,0.006817175127243752,3959.0609075808884
117.59314012527466,4264.497239876265,650.6585432058638,4933.8043482086805,36.923771796152884,201.99674897072651,0.1,0.35523319244384766,7.303093433380127,0.049367197,0.045044918,4134.685671609139,99.0,33.559977293014526,0.008786467274961454,0.006870393583825939,4294.044173847627
114.90345001220703,4054.857109144987,1056.5596139199142,4992.108405014205,-5.472067746345995,183.64373906558876,0.1,0.3966405391693115,6.7666144371032715,0.047170557,0.04709978,4126.702815362724,96.0,34.673367500305176,0.018593701691395462,0.012219737673874192,4284.686503142033
115.18878221511841,4185.695274937034,861.9608481057134,5085.919457126849,-12.54113084022494,189.3816911610029,0.1,0.42664051055908203,7.4165754318237305,0.050223883,0.050627414,4132.602061320155,97.0,36.145047664642334,0.010199123100160676,0.00692843429297779,4350.666961985003
115.64789867401123,4283.172214788863,618.8938908130905,5054.392683576807,13.81613298972411,215.6844336939721,0.1,0.3188741207122803,7.039710283279419,0.050929774,0.043704733,4147.659076667026,99.0,35.29885458946228,0.007107994614056358,0.004713315043282799,4422.1176775832855
114.99619364738464,4243.5078883842125,734.5865290639448,5026.344180624647,50.68935527484514,206.45954566042778,0.1,0.4013354778289795,6.8874030113220215,0.05052425,0.04530147,4157.243957838745,98.0,36.578187704086304,0.00918438068152571,0.0076278770876324125,4313.66982803611
115.35392832756042,4219.10517301971,812.430861265492,5025.231084379448,-9.65379591454609,202.03498038061937,0.1,0.4361255168914795,6.83892822265625,0.04914185,0.045567937,4163.430079356841,97.0,37.34608030319214,0.010154780795030587,0.0075404206819671095,4155.150831674623
114.91230750083923,4222.537905830755,775.9074965519928,5023.479480658134,4.662439482074104,186.97049904036632,0.1,0.49732398986816406,6.984536409378052,0.05047834,0.0468259,4169.340862004233,98.5,38.787392139434814,0.009392135406094262,0.007374023632295514,4378.240384078502
116.15621590614319,4241.154391195828,711.5208057579429,5057.14891820138,-0.8055618308872295,200.33235816769852,0.1,0.3968088626861572,6.957709789276123,0.049606487,0.045442235,4176.522214923392,98.5,38.47510242462158,0.009125808348993226,0.007471580538576434,4153.948544497092
114.12145638465881,4165.09445208567,946.9688734045374,5054.220505490655,-5.973812112972556,186.39171606025653,0.1,0.3506591320037842,7.077718734741211,0.05094395,0.048020106,4175.37943863962,97.0,35.30480909347534,0.013250293031189594,0.009986832047905568,4207.518339200405
115.70779752731323,4283.068040377647,725.7609615674829,5095.858151385893,-6.715634573253556,183.03811816404396,0.1,0.40758419036865234,7.119079113006592,0.049542367,0.05112477,4186.148298813423,98.5,30.921845197677612,0.007974521936295543,0.005957414519747349,4361.041174217585
114.9547107219696,4279.820615064648,818.5851884369455,5095.8589303443405,13.352697935230733,177.12407162512343,0.1,0.44759154319763184,7.258755683898926,0.049673192,0.05154015,4195.515530438545,97.5,30.390556573867798,0.009965631825161728,0.007714460577692929,4019.004499700101
117.11502885818481,4260.854500657765,636.2489862108122,5095.643732756391,81.76592497003068,208.50427278014266,0.1,0.42728185653686523,7.218560457229614,0.049660943,0.047750805,4202.049427460468,99.0,31.809587717056274,0.009341414134027939,0.0071037776384589545,4152.16955590657
116.64058136940002,4322.605645575425,633.1516407224624,5013.973842746403,-2.7696643924434046,215.87027483429654,0.1,0.3761098384857178,7.154475688934326,0.05008204,0.04045499,4214.105049271964,99.0,30.902181386947632,0.006911868293066891,0.004741955460409229,3918.6676602870198
118.15200018882751,4288.313697150587,607.3458834377976,5004.444859883235,320.46031232082316,210.42388054358736,0.1,0.4265444278717041,7.1766767501831055,0.050337452,0.047804363,4221.525914059826,99.5,34.05316209793091,0.009026108543746601,0.007147503636438686,4402.5602446881085
117.33003783226013,4345.069314957914,663.1139925780833,5007.422067007134,2.8683915783356477,198.8070185691556,0.1,0.40502071380615234,6.869419574737549,0.04927835,0.04340787,4233.880254149635,99.0,34.65512132644653,0.007070318549964325,0.005231320096926582,4260.318762848087
119.68511128425598,4293.713226209446,763.6085845079976,5181.723123256832,148.15204395325875,208.4497077335642,0.1,0.43556666374206543,7.72154688835144,0.049149115,0.04504173,4239.863551355616,99.5,37.12779664993286,0.007880074230245388,0.005833194319017724,4331.273990067461
118.8108971118927,4334.612235265563,507.99865406142203,5066.43086775779,1052.7817993158235,221.3834257755383,0.1,0.4322190284729004,7.0878071784973145,0.050036266,0.044553034,4249.338419746611,100.0,39.4928822517395,0.005396024919774575,0.003862571027451967,4178.08480944116
119.306973695755,4287.571389668803,679.9387322701886,5015.780534992815,159.23742920516278,205.90850568750645,0.1,0.3816051483154297,6.914258241653442,0.049609378,0.0416174,4253.16171673883,99.0,38.03953242301941,0.007480334422152575,0.00592790057256132,4051.350630005191
119.35835528373718,4381.228321481003,591.5002660977525,5034.733504770447,205.71679809968575,224.46526985441318,0.1,0.37007808685302734,7.174257516860962,0.049873058,0.042851172,4265.968377213048,99.0,37.98996663093567,0.005528413995225997,0.003962737528767086,4128.965248305639
119.32615447044373,4306.707298366609,572.6170108513265,5012.615893925211,-4.219001430968139,213.04042252787767,0.1,0.43170857429504395,6.848383665084839,0.050406296,0.048540894,4270.0422693284045,99.5,38.711878061294556,0.005651984834721037,0.004271031389120338,4247.083723705696
118.00606918334961,4394.903190396748,569.1800691657215,5060.179431664586,2.198838692445028,209.69479768870858,0.1,0.3999302387237549,7.223688840866089,0.050697222,0.039650932,4282.528361435238,99.5,40.96526789665222,0.006098365178367404,0.004347487687675157,4211.193582145494
118.12503933906555,4380.236492842263,663.56136971486,5055.311478444814,-2.303001309757168,214.2644628367732,0.1,0.38165974617004395,7.518591642379761,0.050161522,0.04655176,4292.299174575941,99.0,40.2453088760376,0.007961912287818416,0.004897755878518652,3772.951953355072
119.40618205070496,4376.485529188672,689.5869183666307,5220.047589863154,79.90737543923068,202.96914385196285,0.1,0.3387932777404785,6.968164682388306,0.048385758,0.044389367,4300.717810037214,98.5,42.54028797149658,0.008507659365272988,0.005062528260915285,4446.028978725396
118.21484184265137,4372.016623483698,817.545984006243,5128.800408504154,231.28197887553046,203.35521876263684,0.1,0.42107701301574707,7.066250324249268,0.05086112,0.042837303,4307.847691381862,98.5,43.514244079589844,0.011681621158408827,0.009074591709466576,4016.203715180442
120.61589670181274,4242.9565937369425,821.7269908538498,5037.648583980455,8.71530250664486,206.24928303282928,0.1,0.3920304775238037,7.236093282699585,0.0508666,0.045459095,4301.35858161737,98.0,42.35808181762695,0.013845468115260306,0.009197069075378787,4081.6527703156657
118.04454636573792,4442.972341150299,581.1678661223483,5095.18336365397,271.7915915093073,199.10389703678996,0.1,0.45021891593933105,7.096657991409302,0.050594956,0.044263054,4315.519957570663,99.5,41.307373046875,0.005908754470627521,0.0041235746070502665,4513.063905791708
116.51467990875244,4334.448292146118,850.931380337959,5059.954743506404,0.3649831572510467,208.20212378149773,0.1,0.49613094329833984,7.139216184616089,0.05075789,0.04172564,4317.412791028209,97.0,41.652934551239014,0.009555622903842395,0.00693916610471097,4547.723653747636
118.95304203033447,4441.947310477569,683.9806491686008,5088.299733270469,31.98307440939751,202.6949943638242,0.1,0.43826913833618164,7.534897565841675,0.04977659,0.043206804,4329.866242973145,98.5,41.569127798080444,0.007897768062399438,0.006103410218573959,4378.149991123215
117.55571484565735,4452.8420105147325,484.9687447307827,5048.414889959081,15.914542751054906,196.82959069969903,0.1,0.4660758972167969,7.638734817504883,0.049869347,0.044422988,4342.163819727304,99.5,38.28884029388428,0.003977900028009219,0.0027462173396333995,4476.67671042823
118.62369132041931,4500.998645911492,612.2532490520689,5180.023456500814,66.78386997613856,198.98621864980385,0.1,0.43726515769958496,7.264714002609253,0.04982114,0.04162573,4358.047302345723,99.0,35.55617141723633,0.00702982734465156,0.0051376197143761125,4607.503125522878
118.71796202659607,4498.72916744684,540.1375235964744,5116.465904235669,142.260412638367,227.41884757316006,0.1,0.42658567428588867,7.120352506637573,0.04970329,0.039527707,4372.115488855835,99.0,33.363982915878296,0.005058190402142198,0.004225652380620555,4558.698215153865
130.92027282714844,4465.503608777473,685.5944090553003,5157.58693000745,23.516277381393447,183.6233515269026,0.1,0.43126869201660156,7.620152711868286,0.05105841,0.04256821,4381.454300847999,98.5,34.304654359817505,0.006079423618128398,0.003952002030458661,4621.6346647360815
122.74417018890381,4486.604023490413,573.6298404218707,5150.889306418134,0.7687424341257835,169.79558502154651,0.1,0.41707801818847656,7.633982419967651,0.04642785,0.05160265,4391.9692731122395,99.0,34.85041928291321,0.005050458086522289,0.003077631994151917,4639.586681129143
123.50704431533813,4524.040457702889,390.8234714722267,5086.538811220181,2696.84656294279,220.24859247717055,0.1,0.4851400852203369,7.755143165588379,0.049513157,0.044898782,4405.1763915713045,100.0,34.52329921722412,0.003255344316224559,0.002166247037866861,4672.584433555153
121.84610509872437,4364.823347230635,961.2035038629679,5125.325180964507,0.14547435241995932,203.7269304852002,0.1,0.39421868324279785,7.152569770812988,0.050557576,0.04034199,4401.141087137237,97.0,31.176947593688965,0.015800658099195192,0.009939170356598437,4541.822607838935
121.41533088684082,4622.445911031257,358.37877781977045,5149.600990674146,3000.579219084471,223.47518192998854,0.1,0.4146437644958496,7.25731635093689,0.04994537,0.049436346,4423.27156952664,100.0,32.35207796096802,0.003576337462105389,0.0017399518144206028,4586.4948218044365
120.41448044776917,4465.840836092392,630.6669307022773,5250.264460434405,19.148854558738886,194.15623971594223,0.1,0.37297511100769043,7.333715438842773,0.04947052,0.046971664,4427.528496183215,99.0,33.65151023864746,0.0063488095912392255,0.004979921894764903,4425.6720754727
120.21509289741516,4538.963708477589,650.9822475588278,5111.978832162459,-3.108977043208057,199.64248610083845,0.1,0.35033130645751953,7.104878664016724,0.049660582,0.045782626,4438.672017412652,99.0,35.88065838813782,0.006826318008546765,0.004380804878419402,4565.38218872955
120.25496220588684,4507.232736980926,746.5046895843823,5215.515989502245,13.175398558126211,207.02073220906652,0.1,0.3696329593658447,7.472264051437378,0.050860517,0.041505545,4445.52808936948,98.5,38.03317141532898,0.009475231966022221,0.005785175729839371,4518.220600741076
119.63519549369812,4501.383385521754,766.7946972700228,5250.166330874651,-4.063367962092822,179.0867671704768,0.1,0.39990973472595215,7.107391119003296,0.050004315,0.04849723,4451.1136189847075,98.0,39.94106602668762,0.00784693732665724,0.006169293470969483,4292.388079656833
121.45526456832886,4497.35252748352,724.6470239373491,5160.666186239862,20.798283571330245,198.2083618302187,0.1,0.37738919258117676,7.9330244064331055,0.0503793,0.048407502,4455.737509834589,98.5,41.42424130439758,0.007492979916734054,0.005505833174135413,4554.776487720858
121.05750465393066,4513.103366245126,737.3847426167526,5251.914237262571,80.37686372210379,192.09277005890254,0.1,0.4123799800872803,6.952598571777344,0.050230537,0.045876615,4461.474095475643,99.0,41.631991147994995,0.008299895282424221,0.006468135386468623,4568.253119675894
119.18587279319763,4530.015770833017,741.7551688574059,5171.80921618739,-0.38832431897452496,178.36973519061925,0.1,0.37885141372680664,7.308194875717163,0.051081292,0.04737931,4468.32826301138,98.5,43.61728763580322,0.00846410128115853,0.005926616139489191,4565.184661361618
119.23517608642578,4654.429000519528,461.1194665917661,5284.086626428942,24.50555009790543,207.4363039640299,0.1,0.3720107078552246,7.169077157974243,0.050066736,0.045093354,4486.938336762195,99.5,42.577242851257324,0.003551174766659073,0.002548513317881415,4687.61765176181
119.60686159133911,4596.736881210302,628.3689987909711,5188.199207193693,170.28594966620219,219.51550126565687,0.1,0.4063446521759033,7.556676626205444,0.049944837,0.03867788,4497.918191207005,99.5,41.207289695739746,0.007495688065755511,0.00612826839659486,4638.688400779206
122.74282050132751,4601.970203330538,509.39630877838454,5346.006434593476,5.932434536711307,205.66116307944498,0.1,0.43039417266845703,7.257669448852539,0.049835905,0.048990622,4508.323392419359,99.5,42.15463662147522,0.005037159034488575,0.003112429422388532,4756.262468403287
119.16818022727966,4553.094503996174,775.1386514418423,5322.562648775741,-4.88024319603535,171.77964986055557,0.1,0.3694474697113037,7.397394180297852,0.04967163,0.050373323,4512.800503577041,98.0,40.00270676612854,0.007497829382091226,0.004423295762878937,4752.429591789284
118.66971683502197,4524.728847110474,701.3676629289007,5178.087466919524,-3.849995163428854,219.05005686636852,0.1,0.37624502182006836,7.236190557479858,0.049662087,0.036404002,4513.993337930385,98.5,40.21114468574524,0.0071206498944616226,0.004667520296718196,4773.3130429112925
119.9193971157074,4577.035761886124,652.446983066405,5269.160928114734,-3.3270334525155207,198.78169788645022,0.1,0.419431209564209,8.05436635017395,0.050282672,0.042551607,4520.297580325959,99.0,38.97257971763611,0.00632918846774508,0.003872598180446288,4728.277667560887
118.14036297798157,4461.149911913481,811.3763457763393,5283.600497275086,1.5592963787527077,199.48190989707373,0.1,0.32910585403442383,7.15761661529541,0.04993865,0.042347133,4514.382813484711,98.5,36.058661460876465,0.010034910015025112,0.007451848329480824,4633.21836032195
121.36014747619629,4603.370968510918,514.6362423841833,5232.790339699951,18.94197040915605,202.66167667780616,0.1,0.43475985527038574,7.301899671554565,0.050487157,0.049920168,4523.281628987332,99.5,34.88290452957153,0.005080893463742273,0.0032320604788325475,4628.035821972354
116.56718134880066,4559.456554698487,729.1008306844963,5333.3956326436455,-2.4437033512944755,209.92261154027923,0.1,0.395906925201416,6.869259357452393,0.049814887,0.039261665,4526.899121558447,98.5,34.261401891708374,0.008212147075283246,0.006546949678380509,4738.629046732697
118.38717436790466,4624.643008506097,560.0996235036323,5230.321655362428,7.211261546169625,230.79013507310302,0.1,0.3840208053588867,7.034409999847412,0.0493082,0.040556367,4536.673510253213,99.5,30.387669563293457,0.005611069213845368,0.004108577290431199,4699.151955775035
118.21341180801392,4494.748669298232,704.0279663900621,5261.833907894542,15.112429139126583,166.67341165287658,0.1,0.4635462760925293,7.130327224731445,0.050463345,0.11898811,4532.481026157715,99.5,32.116719007492065,0.017435901787127884,0.006311368967793983,4591.899707174339
119.40456295013428,4595.548971011337,424.712671543534,5331.840716806299,1218.3183292775946,229.8438205228378,0.1,0.4007914066314697,7.118226766586304,0.04979317,0.04331293,4538.787820643077,100.0,36.41097450256348,0.005182204428202582,0.0031676133778497525,4735.10266285594
118.17375421524048,4538.701527219292,733.283705043577,5252.7011053164715,9.27117424712517,207.79697581179445,0.1,0.3890390396118164,7.175117254257202,0.049390774,0.037380736,4538.779191300699,99.0,35.68378257751465,0.008662862795625417,0.006266768647420366,4611.558898133997
120.91276168823242,4558.446719451782,514.3041494595177,5281.331863009647,448.83535375155935,235.0745695207132,0.1,0.37329697608947754,6.767082452774048,0.049891036,0.041428283,4540.745944115807,99.5,37.31694507598877,0.004589290277925085,0.003345737632766331,4633.560683856721
118.7581672668457,4538.239093448832,451.83451196119086,5243.03422107186,1951.222039162733,214.62400651759765,0.1,0.3869354724884033,6.971908330917358,0.050080605,0.046342477,4540.495259049109,100.0,39.364063024520874,0.004228219564456439,0.00320029501230608,4690.616228423936
117.3920385837555,4624.24112969184,468.6758168718362,5291.395815801537,11.205874223460686,196.1481282862811,0.1,0.411224365234375,7.062948703765869,0.049152132,0.04567658,4548.869846113383,99.5,40.270763635635376,0.003954962346981558,0.0025732948863938336,4645.214384405908
123.5644280910492,4613.994307323806,533.0693999221825,5250.695194571767,7.157822902604365,216.728659194212,0.1,0.5783448219299316,8.071679830551147,0.048389528,0.0375938,4555.382292234425,99.5,48.229437589645386,0.004444242797838014,0.0029617101612837778,4572.282444226221
137.03437113761902,4566.060929708719,613.8936433894719,5155.290499962054,154.02818866543714,208.10908302415618,0.1,0.3690352439880371,6.180832386016846,0.05068507,0.045764066,4556.450155981855,99.5,33.21136951446533,0.006434928246957876,0.004327447575659173,4668.260863580309
113.16617846488953,4688.998700767158,344.40502546669745,5211.819218660765,2262.059424440599,233.0645137263941,0.1,0.37423205375671387,6.308798789978027,0.049729668,0.042988487,4569.705010460385,100.0,32.64049959182739,0.0027236575830168423,0.0017216549188003828,4645.625220082715
109.12996363639832,4595.455745828271,629.6015954471436,5341.554866046957,32.95297455454352,196.20373859834388,0.1,0.3633084297180176,5.944974422454834,0.050052837,0.040315554,4572.280083997173,99.0,32.03714156150818,0.007007489991346013,0.0054725559680755195,4539.208414763138
111.28286981582642,4620.477992244107,636.7633055480203,5205.3050685608905,0.5678276279188891,169.44734148952105,0.1,0.33202481269836426,6.251166820526123,0.05151942,0.03786388,4577.099874821866,99.0,31.813433408737183,0.005571910871451739,0.003663310559879859,4495.308756693142
111.23445415496826,4595.361219947737,719.7131477254934,5425.667006654473,10.187234417483879,200.30285045273368,0.1,0.3224184513092041,6.049270391464233,0.04964465,0.044245083,4578.926009334454,98.5,32.600690841674805,0.006143628144548048,0.0048008199171503925,4721.878644846804
110.80295181274414,4668.615398341421,593.305679305439,5295.3842398008655,7.067878527573037,179.09153412355047,0.1,0.33299779891967773,6.2349865436553955,0.049989257,0.05300606,4587.89494823515,99.0,31.08047080039978,0.0061237291920557164,0.003032462353858957,4769.7517727286795
111.50417304039001,4588.7915838403,750.0232624653186,5250.710845070656,6.608614495778636,200.64751971074705,0.1,0.34169602394104004,5.9911956787109375,0.050134644,0.041064728,4587.984611795665,98.5,31.003780603408813,0.007139356835485057,0.005323414839355795,4658.7385537320915
110.9199230670929,4539.725408582229,819.5593117945625,5403.652852476307,16.096125155609435,184.5487839093951,0.1,0.32187366485595703,6.272542715072632,0.049374543,0.04987855,4583.158691474321,98.5,31.55063796043396,0.010703086212730473,0.00683288147111598,4783.5695795750635
111.60265040397644,4697.35283470294,475.78605414842013,5313.66363469209,229.48099054907894,220.63023998143902,0.1,0.3143312931060791,5.9808478355407715,0.049376532,0.041353405,4594.5781057971835,99.5,28.434399604797363,0.004619404104752824,0.0031413154616417543,4754.963850143945
111.82601022720337,4654.964122725271,399.2889117867837,5221.53300165303,1980.7242369774854,237.73558972921435,0.1,0.31945061683654785,6.198832750320435,0.049768306,0.041380335,4600.616707489992,100.0,28.18944764137268,0.0029173686346048544,0.002384633553122804,4812.888155676103
111.29499959945679,4662.305675840044,494.65709173848916,5199.832050278878,26.036298674717777,199.72147061908532,0.1,0.3698158264160156,6.085379123687744,0.04924488,0.040127855,4606.785604324998,99.5,30.529220819473267,0.003649125440564883,0.002842802122037788,4676.440231635542
112.85591745376587,4690.765622841761,476.39738998997524,5243.7604922658675,228.48860341290646,209.72908452498808,0.1,0.31990790367126465,6.013458967208862,0.0504174,0.047414977,4615.183606176674,99.5,29.45438838005066,0.004470295169370334,0.003010153876303409,4633.458780888418
113.49020147323608,4636.353988747129,554.542476354561,5230.090529465153,29.904814822194396,194.51320151200943,0.1,0.33910083770751953,6.229903697967529,0.049970984,0.0381025,4617.300644433721,99.0,25.631542205810547,0.004506007101030497,0.0027654996625658757,4613.740812683792
111.6798026561737,4661.832201339551,664.4793525296943,5252.221024351026,0.06489078523185193,200.36447598897783,0.1,0.312391996383667,5.881500005722046,0.04943642,0.04666395,4621.753800124304,99.0,26.96065044403076,0.006977082696951121,0.005102744126701864,4540.977727199125
107.93632674217224,4382.429967215841,1201.5497263652583,5343.164947029169,1.0621698970454199,194.60176557358102,0.1,0.3286092281341553,6.070843696594238,0.050081275,0.045658886,4597.821416833457,94.5,26.867588758468628,0.02059916158880323,0.01286364783205907,4701.968177392323
111.59823393821716,4715.725262573769,423.2166660732883,5161.801991212236,314.57860327134244,223.80979508767118,0.1,0.3226339817047119,6.33065938949585,0.04965837,0.039804958,4609.611801407488,99.5,28.183920860290527,0.004070116593369155,0.002502759732214793,4676.535775007252
112.96061253547668,4702.453235219136,528.8615722461896,5241.5571345130165,839.8609507083299,224.8019287896518,0.1,0.31497716903686523,6.211892366409302,0.051859282,0.04180904,4618.895944788653,100.0,32.765153884887695,0.004555461632407613,0.002870913764020572,4689.473781817407
110.66667294502258,4725.310003713537,492.1172311703741,5281.93513694934,189.92900382082237,208.769693679197,0.1,0.3348424434661865,6.0996997356414795,0.050263397,0.04514041,4629.537350681141,99.5,32.19380712509155,0.0033714187489579115,0.0027400859112847375,4714.332412061433
112.97977089881897,4711.708442701854,491.5669952557632,5282.770559464098,1307.13472852398,214.45287722510704,0.1,0.39345741271972656,5.947826147079468,0.04966318,0.045211934,4637.754459883213,100.0,34.37526798248291,0.0027627251175231463,0.0019631275795076977,4751.578422709693
112.9864935874939,4651.3393088263665,770.1207723077503,5313.187254089552,-3.5605973728987,178.2190277626433,0.1,0.32891845703125,6.646198987960815,0.04949758,0.037751492,4639.112944777528,98.0,35.637317180633545,0.006672741420445054,0.0049807894422806654,4752.844578604249
113.90430903434753,4741.8514689269905,314.9894363334162,5248.282411911024,3573.310409686154,224.13159094185465,0.1,0.3301277160644531,6.042657136917114,0.049645368,0.04378391,4649.386797192475,100.0,35.99440908432007,0.0026787852584976234,0.0013830262688929026,4797.287698914707
111.9825918674469,4767.7268850908495,439.7242250738424,5270.453827511143,-3.6972507346068326,207.68473725349833,0.1,0.3258960247039795,5.931283950805664,0.049846414,0.039034694,4661.220805982312,99.5,35.16373658180237,0.0018020580855401694,0.0011856093966747321,4813.926148498294
110.24065828323364,4771.509166920015,403.7776219868084,5333.869492629491,978.4287703812131,201.55523953902835,0.1,0.32372069358825684,5.986201047897339,0.049502563,0.06631452,4672.249642076083,100.0,34.770689725875854,0.0034397344289685836,0.0019657239963290956,4679.053860053092
110.26489567756653,4714.672953385473,460.0272059324047,5304.5283872040945,733.1832515106953,194.9024843910236,0.1,0.334932804107666,5.9653801918029785,0.049347457,0.041402265,4676.491973207021,100.0,35.06206274032593,0.0037550426423215454,0.0027866973141759243,4844.280732079857
110.75332641601562,4592.19596811806,963.3562667240514,5220.815319913673,-15.94795342001393,176.595664727355,0.1,0.32202720642089844,5.93798041343689,0.047863483,0.048277427,4668.062372698125,96.0,30.689937591552734,0.01271600477557648,0.0061268654632519355,4810.511921968165
112.78383803367615,4676.570324315668,700.517043709678,5301.046686194457,-4.972657071133687,208.66374252124038,0.1,0.3219430446624756,5.930668830871582,0.049822565,0.044213433,4668.91316785988,98.0,30.71730899810791,0.007488852918820222,0.00551450426875593,4910.9200371289635
112.92918944358826,4737.972282584974,587.5139838836195,5262.448247002532,125.06569196192164,191.807113355865,0.1,0.3370234966278076,6.3325395584106445,0.050077774,0.045681633,4675.819079332388,99.0,31.727853298187256,0.004638176209485328,0.0038193765785692665,4898.943976505845
110.26271605491638,4665.385520188211,652.5269828384558,5291.116803624898,235.24092685569954,207.46960634527966,0.1,0.3281126022338867,6.188679456710815,0.049716737,0.042819086,4674.775723417971,99.5,32.14510130882263,0.007951656035343146,0.006497341794329891,4783.901907531895
113.20870423316956,4748.798317062692,490.95197988154814,5332.618555843378,428.80898895855285,220.84467385357107,0.1,0.3301718235015869,6.198705673217773,0.049891066,0.046077475,4682.177982782443,99.5,31.612720489501953,0.005119451555473585,0.0031303807060610485,4835.792881746394
111.00081777572632,4666.155451777778,680.3778468069132,5322.236186289956,607.5970906995168,236.47912204139922,0.1,0.31978702545166016,6.818443298339844,0.049950548,0.03724086,4680.575729681977,100.0,28.395296335220337,0.007907574973995083,0.004036512449095718,4880.866504433057
112.90072917938232,4829.178081991624,483.50401188343073,5324.305190128301,149.2008356935528,232.63411858046499,0.1,0.32281947135925293,5.987405061721802,0.04997935,0.035380382,4695.435964912941,99.5,27.936904907226562,0.0035094749570924637,0.002333891887583001,4879.648761816624
112.18992447853088,4768.0381784183655,609.5786773498796,5242.195912791693,124.03450536043051,181.5034635611057,0.1,0.3422107696533203,6.171955585479736,0.049981315,0.04481271,4702.6961862634835,99.0,30.233105659484863,0.00551241228951719,0.0031526160317477876,4727.18604613831
111.06867694854736,4748.70508641772,735.9769402767798,5283.429219176449,157.4584574312668,185.88566597434112,0.1,0.33491086959838867,6.338039875030518,0.050330155,0.05294156,4707.297076278907,98.0,31.745203256607056,0.00802918784959679,0.00550071664133019,4764.669051583525
109.60820436477661,4646.344450732618,969.4780151601445,5273.326997705652,10.406508795888943,190.93339935170633,0.1,0.3615834712982178,6.149367809295654,0.049456667,0.04177045,4701.201813724278,96.5,32.87047791481018,0.012681429646913591,0.00975283108767385,4765.038969428891
111.14396834373474,4770.447335336025,593.8815277980708,5327.351205199603,70.07713501883251,169.67377471663593,0.1,0.3643496036529541,6.206765413284302,0.04928963,0.0454416,4708.126365885453,99.5,30.942155361175537,0.007408723539004173,0.003176164697601409,4940.953209067132
111.49181056022644,4827.553764322244,399.6569484618114,5385.323824899048,1866.9738428786193,210.32228810052447,0.1,0.33478808403015137,6.952549695968628,0.049873613,0.055742484,4720.069105729132,100.0,28.8430233001709,0.003334487162222787,0.0018091878282111744,4938.9779771482945
111.01014399528503,4652.643434314357,1045.5230038173613,5301.838029260178,-4.704128684583932,175.40784360453992,0.1,0.3451859951019287,6.216554880142212,0.05070688,0.045492657,4713.326538587655,96.5,28.653117418289185,0.016750753264264815,0.007585388757442794,4943.406639984895
109.25920486450195,4731.028823463663,740.8001580633558,5324.580676634795,74.31941506925362,190.39999380474904,0.1,0.34781885147094727,5.865864515304565,0.04981614,0.04913593,4715.096767075256,99.0,28.50787878036499,0.009148247930620999,0.006333062186201979,4948.6171207925945
110.55097937583923,4754.364959224481,765.7950284088927,5385.0039920124245,13.684138305761955,199.9154458848356,0.1,0.3470015525817871,6.22205114364624,0.048891082,0.048999332,4719.023586290179,98.5,31.884113550186157,0.008364657079818776,0.006178963091418388,4904.765294381469
110.57486772537231,4699.217224035933,830.0625854874231,5283.37487888475,120.64689695036485,181.6425351780495,0.1,0.3546435832977295,5.702561378479004,0.049783792,0.0437641,4717.042950064755,98.5,31.769405603408813,0.010173111302288549,0.006597177582058555,4923.969907549506
114.67881107330322,4749.246924066583,613.3358518251804,5334.1832408193895,100.78494027336698,188.0707230445775,0.1,0.3101949691772461,6.003140926361084,0.05173525,0.055557784,4720.263347464938,99.5,31.810643196105957,0.007282690747617255,0.0033028109720355074,4920.882822735862
112.46715784072876,4797.193355595731,457.629236041479,5304.339966498397,27.6039762470451,200.66139752571735,0.1,0.3564591407775879,6.23503851890564,0.04990268,0.047903813,4727.956348278018,99.5,32.066291093826294,0.0023760914730246766,0.0016703570046782243,4935.30536820295
111.00235390663147,4679.4374834643495,759.8912504514735,5395.308787647856,35.73479901086706,193.5082470913301,0.1,0.3202385902404785,6.4150495529174805,0.04996454,0.059898682,4723.104461796652,99.0,33.13585567474365,0.008155329636977949,0.005662153111734036,4907.825503025347
116.60758638381958,4820.069878151644,430.2119316107637,5363.963797552376,259.0955567674072,182.2708744315976,0.1,0.3136579990386963,6.102177381515503,0.050239276,0.046161592,4732.801003432151,99.5,35.28309965133667,0.0027827535785616185,0.0017688785194511312,4929.269764571159
112.41425967216492,4654.237871998552,850.847212127791,5324.998462646228,-3.2175410471336234,183.03756740714766,0.1,0.37813878059387207,5.908175230026245,0.050056055,0.047161732,4724.944690288791,98.0,36.317081451416016,0.008449251858447523,0.00521605930980976,4972.731645391595
112.77451872825623,4773.09421878398,685.0197298692992,5333.262296576489,16.075236879975108,197.3066543170187,0.1,0.3205263614654541,6.049208164215088,0.050316308,0.0382437,4729.75964313831,99.0,35.20134520530701,0.004086586363667683,0.002954208104864582,4872.665336336427
110.42227458953857,4804.37329989998,397.714571958373,5313.357832966029,618.8198633573425,212.32429412421962,0.1,0.4097414016723633,5.992342472076416,0.049966913,0.04602909,4737.2210088144775,100.0,35.532103538513184,0.00257010317970701,0.002003440337432797,4930.274160092929
110.90696668624878,4832.118512402018,519.6434087566199,5437.726409009547,138.91605781215947,210.04804328197557,0.1,0.32750964164733887,6.264625310897827,0.048747264,0.040140018,4746.710759173232,99.5,36.6353280544281,0.0027260109307914895,0.0016534408899313675,4958.819654117026
110.52497911453247,4797.43547382799,625.0970315046764,5344.633475536708,-2.8650842751183214,182.46693952476954,0.1,0.4491231441497803,6.229638338088989,0.049628757,0.037642617,4751.783230638708,99.0,33.57626962661743,0.004427990751820833,0.0030431245321589895,4960.668979431303
112.65725350379944,4815.052575499866,568.9595411370599,5323.918034033755,46.24700454908111,194.0019152712107,0.1,0.3812263011932373,6.186935663223267,0.048606727,0.045219038,4758.110165124825,99.5,33.01226544380188,0.004904600999879469,0.00281112567121738,4927.379278488651
112.6628406047821,4785.447105640016,698.1128234046876,5365.222566898835,46.211424496837964,196.58346507337427,0.1,0.3543848991394043,5.959890842437744,0.05064162,0.047965754,4760.843859176343,99.0,31.285499334335327,0.0057203987825568845,0.0032747053465705966,4959.651351022611
110.17038059234619,4712.98246857123,783.0372925074879,5342.894894475836,121.32516107327079,211.12046054062208,0.1,0.438488245010376,5.934829473495483,0.0497553,0.045242976,4756.057720115832,99.0,31.266979455947876,0.007616626108181226,0.004659361762933871,4967.269615576132
112.3856680393219,4721.396178765396,811.9422158462969,5374.0744194827685,63.562849439636466,193.28332092174043,0.1,0.3137533664703369,5.942716360092163,0.051067285,0.04872276,4752.591565980789,99.0,32.31148648262024,0.007381114883206793,0.00449887231731435,4974.72088441174
110.87333917617798,4828.871934450736,575.4555457966535,5425.653908466213,14.471951040476066,194.04569273748587,0.1,0.3799710273742676,6.07811713218689,0.050994206,0.038759124,4760.219602827784,99.5,30.67858624458313,0.004830649931596793,0.002906010008343277,4984.441579476242
110.50769686698914,4885.947054661002,382.22338649392094,5396.608592929949,1114.9640697765442,227.62628682254243,0.1,0.3169126510620117,5.956736326217651,0.049404882,0.04325451,4772.792348011106,100.0,30.71304488182068,0.0024324722020955133,0.0016730057158317617,4975.595916116617
110.54743313789368,4801.6613631561095,654.373273580842,5396.300016781116,176.7889975456673,207.45457210506248,0.1,0.34774255752563477,6.262692928314209,0.04934638,0.04194433,4775.679249525606,99.0,30.217252016067505,0.005872500408802609,0.004456344597621648,4989.829452202236
111.93348956108093,4802.702442353731,653.0714516120958,5345.897406746294,-0.4786878608876437,192.0818439410901,0.1,0.3535776138305664,5.9096434116363525,0.050167922,0.03872401,4778.381568808419,99.0,29.082204341888428,0.004414172526393437,0.00314976985437008,4972.887658592069
113.91340208053589,4824.656890763258,476.7790274362538,5335.8887240267895,1063.0314658728216,207.37534361003492,0.1,0.34515905380249023,6.19123911857605,0.049267128,0.049789667,4783.009101003903,100.0,28.74915885925293,0.00399787219694961,0.002441716046070272,4998.179342915567
110.98361253738403,4750.166497017326,758.0318455155507,5356.589477465566,-3.3105323455798086,208.312028148824,0.1,0.34875059127807617,6.035417079925537,0.04956077,0.042817395,4779.724840605246,98.5,29.626471996307373,0.0072837224465796485,0.004789682361263395,4989.126500909464
112.66304588317871,4856.161618084737,548.2838637458935,5404.306439518246,518.6225721260264,210.0553554852339,0.1,0.35497140884399414,6.099228143692017,0.050249565,0.046043184,4787.368518353195,100.0,27.072884798049927,0.004400482314108313,0.0028703563700910005,4989.491004775826
112.15718245506287,4802.17602753994,678.0959036628858,5333.641162602074,21.25142456360078,190.65498764496903,0.1,0.3126239776611328,5.947249174118042,0.05064611,0.03823472,4788.84926927187,99.0,27.801605224609375,0.005234629266950729,0.0032976718690542676,4970.116254677961
112.80867838859558,4844.786881513653,412.5164353436558,5435.761983030398,1865.933688573238,207.6569401604918,0.1,0.3103907108306885,5.862526178359985,0.049882676,0.046232436,4794.443030496049,100.0,30.10097575187683,0.00435626549656921,0.001825262127755899,5012.725423788863
114.12498617172241,4807.613570442745,488.53654069349324,5394.097392060496,865.5101494118085,212.67512730757582,0.1,0.36616992950439453,6.077314138412476,0.050028753,0.039118387,4795.760084490718,100.0,29.41896414756775,0.0029444084438440504,0.002043319662952055,5047.644573705937
113.4174451828003,4847.4816381166875,603.9172642107326,5426.3356894389435,-3.2275426435212666,200.97109407593123,0.1,0.3260061740875244,6.124939203262329,0.049289256,0.03804846,4800.932239853315,99.0,31.609567165374756,0.003244385845375599,0.0027138881426060327,4985.706843195388
112.9259307384491,4836.797863073103,709.6502661506252,5428.334933862128,-3.0846219539229183,169.64284551225904,0.1,0.37587785720825195,5.898561477661133,0.050416555,0.038772225,4804.518802175295,98.5,33.178640842437744,0.004691321937090776,0.0033355383134422018,5030.433889142939
114.20491862297058,4878.64839221321,391.49610598924187,5335.5433494585495,1087.7999168360577,203.77991836228463,0.1,0.345564603805542,5.983501672744751,0.050708722,0.06670708,4811.931761179087,100.0,33.53473234176636,0.0023196539479974376,0.0011988306370089071,5017.325032245237
113.33990263938904,4828.093652282318,628.1276991694573,5457.106118227847,19.050665419024035,180.75531882170867,0.1,0.33663225173950195,6.097980737686157,0.04969476,0.041902088,4813.5479502894095,99.5,34.81553363800049,0.00605101036725739,0.004027760612674278,4993.805393510105
113.68704652786255,4885.8703142885215,420.4145519738927,5456.306997742401,1898.5180566023384,196.7661798093807,0.1,0.3475339412689209,6.355892181396484,0.04999392,0.04337655,4820.7801866893205,100.0,32.48438024520874,0.002854327724423711,0.0017201465999443044,5036.568595633174
123.62223482131958,4867.081589804761,484.71460087730924,5303.366412015506,578.906706831092,229.9037469240391,0.1,0.4140911102294922,7.987093448638916,0.049283527,0.037120342,4825.410327000865,100.0,37.51713752746582,0.0031905601319196075,0.0017584643805871642,4973.971111911295
122.43762278556824,4861.077994343119,584.3893311970575,5434.581393863616,231.45439589086587,198.05754237102673,0.1,0.6364989280700684,6.584627389907837,0.04932397,0.0416634,4828.977093735091,99.5,30.64496874809265,0.0041014668556455264,0.002977429055251956,4938.607310908969
134.8762924671173,4833.716020456332,615.0099903636733,5434.816352111662,12.728249945734525,193.99947483548226,0.1,0.4558892250061035,8.845852375030518,0.05081389,0.042946078,4829.450986407215,99.0,44.26138472557068,0.0030926133270217653,0.0020212768809700185,4977.405480401901
127.08762121200562,4886.056231059414,410.7564409069827,5335.96579478967,296.2906011873452,193.6223254034373,0.1,0.40702128410339355,7.841259002685547,0.049504016,0.036840137,4835.111510872435,99.5,43.18403077125549,0.0023149474991818976,0.001378775574305195,4971.449613497749
119.34747457504272,4821.836133824396,525.9111502139409,5312.191698692053,378.97671865103075,206.61468708367585,0.1,0.369173526763916,7.027950763702393,0.048631806,0.04076134,4833.783973167632,99.5,39.33486223220825,0.005128266034177772,0.0031144894357896433,4937.640350284063
115.91892766952515,4856.854361015594,647.4807031691213,5437.8229613814165,316.8050298903306,210.75724132039335,0.1,0.46985387802124023,6.857422590255737,0.04991831,0.04747292,4836.091011952429,99.0,33.80472993850708,0.005907479885868677,0.003975041353972561,4947.3283680167115
117.72900390625,4737.526990291843,845.4516679880016,5376.6193549832105,5.07843707263807,197.44641685633795,0.1,0.32766151428222656,7.5611560344696045,0.048979778,0.039761547,4826.23460978637,98.0,40.09031844139099,0.010726619496667816,0.006698398634465346,4945.908759307255
121.22897458076477,4868.985644244476,546.7885505141464,5428.017020465384,91.32769332552806,209.91227418873396,0.1,0.36159849166870117,8.106788158416748,0.049417622,0.044289038,4830.509713232181,99.0,42.70202040672302,0.0049575857611707935,0.003309223651862709,4994.791603864199
126.90037631988525,4922.731562343427,259.31687712766626,5396.820501750872,3902.362622031799,225.05014846385913,0.1,0.4391937255859375,7.9411091804504395,0.05007402,0.050679717,4839.731898143305,100.0,43.24152612686157,0.0013013078771315376,0.0007139519765083116,4954.149997686843
124.2798638343811,4772.7082772258755,731.9446827677817,5395.474111068461,14.758726361732167,192.3842318171977,0.1,0.4498555660247803,9.19215703010559,0.04988885,0.03801327,4833.029536051563,98.5,48.44231081008911,0.008254546274668631,0.004863232037672982,4926.764581209192
128.52801728248596,4898.356725030172,364.0129967615278,5304.141762728538,1702.2166471632165,209.8177630081794,0.1,0.34668731689453125,6.47773814201355,0.04988106,0.051148918,4839.562254949424,100.0,44.091633319854736,0.0030428010190464445,0.001755372056334154,4941.056406142634
129.00370359420776,4880.846730793995,404.10232955433105,5276.654444543549,1343.2572163412067,200.80185301014902,0.1,0.5096831321716309,8.70620059967041,0.048637103,0.040608857,4843.6907025338805,100.0,48.68286657333374,0.0027893229512572885,0.0018717510422611185,4978.4704266698345
118.99232721328735,4822.241415191103,771.4956342358441,5304.613145447629,3.1158055031457206,204.93963486463835,0.1,0.49968433380126953,8.51990270614624,0.049168315,0.03862524,4841.545773799603,99.0,40.555426597595215,0.0069718438065247135,0.004260625006260279,5009.197411533532
117.38204050064087,4795.662272651738,781.518795805542,5397.325971584583,27.158180744492814,197.42291585202568,0.1,0.3281238079071045,7.127656698226929,0.05064763,0.039655913,4836.957423684817,99.5,40.60990118980408,0.007292133888898645,0.0070935605147302615,4983.663562104567
122.59475684165955,4836.635869407733,602.9664203279345,5326.3476238068115,30.929188539181084,181.93143590623276,0.1,0.5556163787841797,8.348787784576416,0.04982302,0.039977152,4836.925268257108,99.0,30.007463216781616,0.007208502240938083,0.003725123644903064,4988.271503339451
121.05423140525818,4807.887628168559,749.4829735827135,5314.181704313685,-3.101395086035129,174.3535851608794,0.1,0.34601473808288574,6.692837476730347,0.049311846,0.043412004,4834.021504248252,98.0,37.64984583854675,0.005118855502947577,0.003624114220202426,4962.968362458833
124.47264051437378,4898.798012072556,340.89052436579004,5315.07847035858,1224.9107646296109,172.7589455361361,0.1,0.35404372215270996,6.3537843227386475,0.050889943,0.054172173,4840.499155030683,100.0,33.314138650894165,0.0023779626489849525,0.001089124666370767,4885.33100376157
113.72971224784851,4741.27788242897,820.0683817707219,5253.055715488856,-2.363011594952526,200.52234548850092,0.1,0.36630845069885254,7.2632551193237305,0.048976935,0.039332815,4830.577027770511,97.5,38.47570490837097,0.008924978922881912,0.005034730500661803,4974.444560388621
120.16438889503479,4812.2242963513245,765.2217383366037,5377.74042391512,3.421479696155952,194.09772946047403,0.1,0.3806734085083008,7.135531187057495,0.04922208,0.04313418,4828.741754628592,98.5,37.93242597579956,0.005770241574172916,0.003290574124845198,4988.067983559712
125.96090936660767,4841.696677819662,760.9337037491391,5467.987650600163,-4.957562322928243,181.8865020813081,0.1,0.4659092426300049,6.7832629680633545,0.049548097,0.03875804,4830.0372469477,98.5,36.67962169647217,0.006630837101552469,0.004092191577667195,4974.804825658269
